source,target,destination
ch1,#ch7sumn27,ch7
ch1,#ch7sumn42,ch7
ch1,#ch7sumn35,ch7
ch1,#ch7sumn27,ch7
ch1,#ch7sumn42,ch7
ch1,#ch5sumn46,ch5
ch1,#ch5sumn47,ch5
ch1,#ch5sumn74,ch5
ch1,#ch5sumn75,ch5
ch1,#ch5sumn76,ch5
ch1,#ch6sumn17,ch6
ch1,#ch5sumn34,ch5
ch1,#ch4sumn18,ch4
ch1,#ch4sumn20,ch4
ch1,#ch4sumn17,ch4
ch1,#ch6sumn18,ch6
ch1,#ch7sumn36,ch7
ch1,#ch7sumn49,ch7
ch1,#ch4sumn24,ch4
ch1,#ch6sumn41,ch6
ch1,#ch4sumn30,ch4
ch1,#ch5sumn28,ch5
ch1,#ch7sumn34,ch7
ch1,#ch5sumn37,ch5
ch1,#ch6,ch6
ch1,#ch7sumn37,ch7
ch1,#ch6,ch6
ch1,#ch7sumn61,ch7
ch1,#ch6sumn10,ch6
ch1,#ch4sumn19,ch4
ch1,#ch6sumn19,ch6
ch1,#ch7sumn25,ch7
ch1,#ch4sumn3,ch4
ch1,#ch6sumn20,ch6
ch1,#ch3sumn59,ch3
ch1,#ch3sumn62,ch3
ch1,#ch7sumn63,ch7
ch2,#ch5sumn19,ch5
ch2,#ch1sumn43,ch1
ch2,#ch3sumn36,ch3
ch2,#ch3sumn36,ch3
ch2,#ch5sumn19,ch5
ch2,#ch7sumn3,ch7
ch2,#ch7sumn2,ch7
ch2,#ch5sumn79,ch5
ch2,#ch10p1sumn3,ch10
ch2,#ch10p1sumn3,ch10
ch2,#ch5sumn19,ch5
ch3,#ch5sumn43,ch5
ch3,#ch5sumn22,ch5
ch3,#ch5sumn23,ch5
ch3,#ch5sumn43,ch5
ch3,#ch7sumn53,ch7
ch3,#ch7sumn54,ch7
ch3,#ch7sumn58,ch7
ch3,#ch8,ch8
ch3,#ch9,ch9
ch3,#ch7sumn3,ch7
ch3,#ch7sumn4,ch7
ch3,#ch4sumn12,ch4
ch3,#ch6sumn38,ch6
ch3,#ch10p1sumn2,ch10
ch3,#ch7sumn25,ch7
ch3,#ch7sumn28,ch7
ch3,#ch2sumn7,ch2
ch3,#ch5sumn21,ch5
ch3,#ch5sumn22,ch5
ch3,#ch5sumn23,ch5
ch3,#ch5sumn11,ch5
ch3,#ch5sumn11,ch5
ch3,#ch4sumn35,ch4
ch3,#ch7sumn28,ch7
ch3,#ch7sumn28,ch7
ch3,#ch1sumn55,ch1
ch3,#ch4sumn25,ch4
ch3,#ch4sumn26,ch4
ch3,#ch7sumn45,ch7
ch3,#ch10p1sumn2,ch10
ch3,#ch10p1sumn13,ch10
ch3,#ch7sumn6,ch7
ch3,#ch1sumn59,ch1
ch3,#ch7sumn27,ch7
ch3,#ch4sumn12,ch4
ch3,#ch6sumn53,ch6
ch3,#ch8sumn11,ch8
ch3,#ch10p1n15,ch10
ch3,#ch1sumn59,ch1
ch4,#ch1sumn53,ch1
ch4,#ch6sumn6,ch6
ch4,#ch6sumn7,ch6
ch4,#ch5sumn4,ch5
ch4,#ch6sumn18,ch6
ch4,#ch6sumn19,ch6
ch4,#ch6sumn20,ch6
ch4,#ch7sumn25,ch7
ch4,#ch6sumn11,ch6
ch4,#ch6sumn12,ch6
ch4,#ch6sumn10,ch6
ch4,#ch1sumn7,ch1
ch4,#ch8sumn4,ch8
ch4,#ch3sumn43,ch3
ch5,#ch1sumn7,ch1
ch5,#ch1sumn57,ch1
ch5,#ch4sumn3,ch4
ch5,#ch7sumn60,ch7
ch5,#ch4glon6,ch4
ch5,#ch4sumn13,ch4
ch5,#ch6sumn38,ch6
ch5,#ch6sumn39,ch6
ch5,#ch10p1sumn3,ch10
ch5,#ch8sumn5,ch8
ch5,#ch6sumn39,ch6
ch5,#ch6sumn39,ch6
ch5,#ch1sumn6,ch1
ch5,#ch1sumn7,ch1
ch5,#ch4sumn20,ch4
ch5,#ch10p1sumn3,ch10
ch5,#ch1sumn40,ch1
ch5,#ch10p1sumn1,ch10
ch5,#ch10p1sumn15,ch10
ch5,#ch1sumn7,ch1
ch5,#preface,preface
ch5,#ch1sumn7,ch1
ch5,#ch3sumn6,ch3
ch5,#ch3sumn6,ch3
ch5,#5bibln35,5bibln35
ch5,#ch3sumn8,ch3
ch5,#ch1sumn27,ch1
ch5,#ch1sumn40,ch1
ch5,#ch3sumn6,ch3
ch5,#ch3sumn29,ch3
ch5,#ch2sumn17,ch2
ch5,#ch2sumn15,ch2
ch5,#ch3sumn15,ch3
ch5,#ch3sumn20,ch3
ch5,#ch9sumn2,ch9
ch6,#ch1sumn58,ch1
ch6,#ch3sumn60,ch3
ch6,#ch3sumn61,ch3
ch6,#ch4sumn31,ch4
ch6,#ch4sumn18,ch4
ch6,#ch3sumn59,ch3
ch6,#ch4sumn6,ch4
ch6,#ch10p3sumn1,ch10
ch6,#ch10p2sumn13,ch10
ch6,#ch10p2sumn6,ch10
ch6,#ch10p2sumn12,ch10
ch6,#ch1sumn44,ch1
ch6,#ch10p1sumn20,ch10
ch6,#ch10p2sumn12,ch10
ch6,#ch7sumn24,ch7
ch6,#ch7sumn24,ch7
ch6,#ch4sumn13,ch4
ch7,#ch3sumn31,ch3
ch7,#ch2sumn8,ch2
ch7,#ch5sumn23,ch5
ch7,#ch4sumn8,ch4
ch7,#ch4sumn8,ch4
ch7,#ch3sumn46,ch3
ch7,#ch3sumn47,ch3
ch7,#ch3sumn54,ch3
ch7,#ch3sumn55,ch3
ch7,#ch6sumn51,ch6
ch7,#ch3sumn65,ch3
ch7,#ch3sumn46,ch3
ch7,#ch1sumn23,ch1
ch7,#ch1sumn40,ch1
ch7,#ch3sumn45,ch3
ch7,#ch3sumn46,ch3
ch7,#ch3sumn47,ch3
ch7,#ch10p1sumn2,ch10
ch7,#ch5sumn5,ch5
ch7,#ch1sumn22,ch1
ch7,#ch10p1sumn10,ch10
ch7,#ch5sumn64,ch5
ch7,#ch5sumn65,ch5
ch7,#ch5sumn66,ch5
ch7,#ch5sumn68,ch5
ch7,#ch5sumn75,ch5
ch7,#ch5sumn76,ch5
ch7,#ch5sumn77,ch5
ch7,#ch5sumn80,ch5
ch7,#ch5sumn81,ch5
ch7,#ch5sumn20,ch5
ch7,#ch3sumn61,ch3
ch7,#ch3sumn15,ch3
ch7,#ch3sumn62,ch3
ch7,#ch1sumn49,ch1
ch7,#ch1sumn61,ch1
ch7,#ch2sumn2,ch2
ch7,#ch2sumn3,ch2
ch7,#ch2sumn4,ch2
ch7,#ch2sumn5,ch2
ch7,#ch6sumn56,ch6
ch7,#ch1sumn59,ch1
ch7,#ch3sumn60,ch3
ch7,#ch1sumn2,ch1
ch7,#ch10p3sumn1,ch10
ch7,#ch10p3sumn3,ch10
ch8,#ch5ednote24,ch5
ch8,#ch5sumn11,ch5
ch8,#ch5sumn68,ch5
ch8,#ch10p1sumn3,ch10
ch8,#ch10p1sumn3,ch10
ch8,#ch10p1sumn2,ch10
ch8,#ch5ednote39,ch5
ch8,#ch5glon12,ch5
ch8,#ch10p1sumn3,ch10
ch8,#ch1sumn6,ch1
ch8,#ch5sumn52,ch5
ch8,#ch6sumn15,ch6
ch8,#ch10p1sumn2,ch10
ch8,#ch4sumn12,ch4
ch9,#ch7sumn31,ch7
ch9,#ch7sumn42,ch7
ch10,#ch4sumn31,ch4
ch10,#ch5sumn11,ch5
ch10,#ch8sumn4,ch8
ch10,#ch8sumn6,ch8
ch10,#ch4sumn30,ch4
ch10,#ch3sumn50,ch3
ch10,#ch7sumn46,ch7
ch10,#ch5sumn24,ch5
ch10,#ch5sumn48,ch5
ch10,#ch5sumn22,ch5
ch10,#ch4sumn12,ch4
ch10,#ch5ednote42yy,ch5
ch10,#ch5sumn25,ch5
ch10,#ch8sumn11,ch8
ch10,#ch8sumn5,ch8
ch10,#ch8sumn15,ch8
ch10,#ch7sumn63,ch7
ch10,#ch6sumn29,ch6
ch10,#ch9sumn14,ch9
ch10,#ch6sumn30,ch6
ch10,#ch6sumn27,ch6
ch10,#ch6sumn28,ch6
ch10,#ch3sumn7,ch3
ch10,#ch3sumn7,ch3
ch10,#ch8sumn13,ch8
ch10,#ch3sumn7,ch3
ch10,#ch6sumn31,ch6
ch10,#ch6sumn31,ch6
ch10,#ch6sumn29,ch6
ch10,#ch6sumn29,ch6
ch10,#ch8sumn13,ch8
ch10,#ch6sumn14,ch6
